{
    "versions": [
        {
            "package_version": "3.1",
            "download_url": "https://github.com/Br00ty/DS3_AP_Maptracker/releases/download/v3.1/ds3_br00ty.zip",
            "sha256": "d1ebed4f1bd2723b35acf35de363adcf35c933446993c7999439668419e0794e",
            "changelog": [
                "Update Testing",
                "Autotracking Updated"
            ]
        },
        {
            "package_version": "3.0",
            "download_url": "https://github.com/Br00ty/DS3_AP_Maptracker/releases/download/v3.0/ds3_br00ty.zip",
            "sha256": "096E1543F33E47BEACB81A60D5C2E9CAC766F24D8FACBAA47F5E8349D7976919",
            "changelog": [
                "Added DLC Maps",
                "Added `Contraption Key` and `Small Envoy Banner` to item tracker"
            ]
        }
    ]
}