{
    "versions": [
        {
            "package_version": "3.1",
            "download_url": "https://github.com/Br00ty/DS3_AP_Maptracker/releases/download/v3.1/ds3_br00ty.zip",
            "sha256": "",
            "changelog": [
                "Update Testing",
                "Autotracking Updated"
            ]
        },
        {
            "package_version": "3.0",
            "download_url": "https://github.com/Br00ty/DS3_AP_Maptracker/releases/download/v3.0/ds3_br00ty.zip",
            "sha256": "bf667e15367be996636829d4b7dda0dd49753e69a7a27b522a07e0a6a3e5a298",
            "changelog": [
                "Added DLC Maps",
                "Added `Contraption Key` and `Small Envoy Banner` to item tracker"
            ]
        }
    ]
}