[
  {
    "name": "FS",
    "location_size": 24,
    "location_border_thickness": 4,
    "img": "images/maps/FS.jpg"
  },
  {
    "name": "HWL",
    "location_size": 24,
    "location_border_thickness": 4,
    "img": "images/maps/HWL.jpg"
  },
  {
    "name": "US",
    "location_size": 24,
    "location_border_thickness": 4,
    "img": "images/maps/US.jpg"
  },
  {
    "name": "RS",
    "location_size": 24,
    "location_border_thickness": 4,
    "img": "images/maps/RS.jpg"
  },
  {
    "name": "CD",
    "location_size": 24,
    "location_border_thickness": 4,
    "img": "images/maps/CD.jpg"
  },
  {
    "name": "FK",
    "location_size": 24,
    "location_border_thickness": 4,
    "img": "images/maps/FK.jpg"
  },
  {
    "name": "CC",
    "location_size": 24,
    "location_border_thickness": 4,
    "img": "images/maps/CC.jpg"
  },
  {
    "name": "SL",
    "location_size": 24,
    "location_border_thickness": 4,
    "img": "images/maps/SL.jpg"
  },
  {
    "name": "IBV",
    "location_size": 24,
    "location_border_thickness": 4,
    "img": "images/maps/IBV.jpg"
  },
  {
    "name": "AL",
    "location_size": 24,
    "location_border_thickness": 4,
    "img": "images/maps/AL.jpg"
  },
  {
    "name": "ID",
    "location_size": 24,
    "location_border_thickness": 4,
    "img": "images/maps/ID.jpg"
  },
  {
    "name": "PC",
    "location_size": 24,
    "location_border_thickness": 4,
    "img": "images/maps/PC.jpg"
  },
  {
    "name": "CKG",
    "location_size": 24,
    "location_border_thickness": 4,
    "img": "images/maps/CKG.jpg"
  },
  {
    "name": "UG",
    "location_size": 24,
    "location_border_thickness": 4,
    "img": "images/maps/UG.jpg"
  },
  {
    "name": "LC",
    "location_size": 24,
    "location_border_thickness": 4,
    "img": "images/maps/LC.jpg"
  },
  {
    "name": "GA",
    "location_size": 24,
    "location_border_thickness": 4,
    "img": "images/maps/GA.jpg"
  },
  {
    "name": "AP",
    "location_size": 24,
    "location_border_thickness": 4,
    "img": "images/maps/AP.jpg"
  }
]