[
    {
        "type": "toggle",
        "name": "Coiled Sword",
        "codes": "coiledsword",
        "img": "images/items/coiled_sword.png"
    },
    {
        "type": "toggle",
        "name": "Fire Keeper's Eyes",
        "codes": "eyes",
        "img": "images/items/firekeeper_eyes.png"
    },
    {
        "type": "toggle",
        "name": "Tower Key",
        "codes": "towerkey",
        "img": "images/items/key_tower.png"
    },
    {
        "type": "toggle",
        "name": "Cell Key",
        "codes": "cellkey",
        "img": "images/items/key_cell.png"
    },
    {
        "type": "toggle",
        "name": "Lift Chamber Key",
        "codes": "liftkey",
        "img": "images/items/key_lift.png"
    },
    {
        "type": "toggle",
        "name": "Small Lothric Banner",
        "codes": "banner",
        "img": "images/items/banner_lothric.png"
    },
    {
        "type": "toggle",
        "name": "Grave Key",
        "codes": "grave",
        "img": "images/items/key_grave.png"
    },
    {
        "type": "toggle",
        "name": "Basin of Vows",
        "codes": "basin",
        "img": "images/items/basinofvows.png"
    },
    {
        "type": "toggle",
        "name": "Small Doll",
        "codes": "doll",
        "img": "images/items/doll.png"
    },
    {
        "type": "toggle",
        "name": "Jailbreaker's Key",
        "codes": "jailbreaker",
        "img": "images/items/key_jailbreaker.png"
    },
    {
        "type": "toggle",
        "name": "Old Cell Key",
        "codes": "oldcell",
        "img": "images/items/key_oldcell.png"
    },
    {
        "type": "toggle",
        "name": "Jailer's Keyring",
        "codes": "jailring",
        "img": "images/items/key_jailersring.png"
    },
    {
        "type": "toggle",
        "name": "Grand Archives Key",
        "codes": "archives",
        "img": "images/items/key_grandarchives.png"
    },
    {
        "type": "toggle",
        "name": "Path of the Dragon",
        "codes": "dragon",
        "img": "images/items/pathofthedragon.png"
    },
    {
        "type": "toggle",
        "name": "Storm Ruler",
        "codes": "storm",
        "img": "images/items/storm_ruler.png"
    },
    {
        "type": "toggle",
        "name": "Contraption Key",
        "codes": "contraption",
        "img": "images/items/key_contraption.png"
    },
    {
        "type": "toggle",
        "name": "Small Envoy Banner",
        "codes": "envoy",
        "img": "images/items/banner_envoy.png"
    },
    {
        "type": "toggle",
        "name": "Cinders of the Abyss Watchers",
        "codes": "cinders,abyss",
        "img": "images/items/cinders_abyss.png"
    },
    {
        "type": "toggle",
        "name": "Cinders of Yhorm",
        "codes": "cinders,yhorm",
        "img": "images/items/cinders_yhorm.png"
    },
    {
        "type": "toggle",
        "name": "Cinders of Aldrich",
        "codes": "cinders,aldrich",
        "img": "images/items/cinders_aldrich.png"
    },
    {
        "type": "toggle",
        "name": "Cinders of Prince Lothric",
        "codes": "cinders,lothric",
        "img": "images/items/cinders_lothric.png"
    },
    {
        "type": "toggle",
        "name": "Transposition Kiln",
        "codes": "kiln",
        "img": "images/items/kiln.png"
    },
    {
        "type": "toggle",
        "name": "Loretta's Bone",
        "codes": "loretta",
        "img": "images/items/loretta.png"
    },
    {
        "type": "consumable",
        "name": "Dark Sigil",
        "codes": "sigil",
        "img": "images/items/dark_sigil.png",
        "max_quantity": 8
    },
    {
        "type": "toggle",
        "name": "Fire Keeper Soul",
        "codes": "soul",
        "img": "images/items/firekeeper_soul.png"
    },
    {
        "type": "toggle",
        "name": "Sword of Avowal",
        "codes": "avowal",
        "img": "images/items/swordavowal.png"
    },
    {
        "type": "toggle",
        "name": "Hawkwood's Swordgrass",
        "codes": "swordgrass",
        "img": "images/items/swordgrass.png"
    },
    {
        "type": "toggle",
        "name": "Braille Divine Tome of Carim",
        "codes": "braille_carim",
        "img": "images/items/braille_carim.png"
    },
    {
        "type": "toggle",
        "name": "Braille Divine Tome of Londor",
        "codes": "braille_londor",
        "img": "images/items/braille_londor.png"
    },
    {
        "type": "toggle",
        "name": "Deep Braille Divine Tome",
        "codes": "braille_deep",
        "img": "images/items/braille_deep.png"
    },
    {
        "type": "toggle",
        "name": "Braille Divine Tome of Lothric",
        "codes": "braille_lothric",
        "img": "images/items/braille_lothric.png"
    },
    {
        "type": "toggle",
        "name": "Great Swamp Pyromancy Tome",
        "codes": "pyro_swamp",
        "img": "images/items/pyro_swamp.png"
    },
    {
        "type": "toggle",
        "name": "Carthus Pyromancy Tome",
        "codes": "pyro_carthus",
        "img": "images/items/pyro_carthus.png"
    },
    {
        "type": "toggle",
        "name": "Izalith Pyromancy Tome",
        "codes": "pyro_izalith",
        "img": "images/items/pyro_izalith.png"
    },
    {
        "type": "toggle",
        "name": "Quelana Pyromancy Tome",
        "codes": "pyro_quelana",
        "img": "images/items/pyro_quelana.png"
    },
    {
        "type": "toggle",
        "name": "Grave Warden Pyromancy Tome",
        "codes": "pyro_gravewarden",
        "img": "images/items/pyro_gravewarden.png"
    },
    {
        "type": "toggle",
        "name": "Sage's Scroll",
        "codes": "scroll_sage",
        "img": "images/items/scroll_sage.png"
    },
    {
        "type": "toggle",
        "name": "Golden Scroll",
        "codes": "scroll_golden",
        "img": "images/items/scroll_golden.png"
    },
    {
        "type": "toggle",
        "name": "Logan's Scroll",
        "codes": "scroll_logan",
        "img": "images/items/scroll_logan.png"
    },
    {
        "type": "toggle",
        "name": "Crystal Scroll",
        "codes": "scroll_crystal",
        "img": "images/items/scroll_crystal.png"
    },
    {
        "type": "toggle",
        "name": "Greirat's Ashes",
        "codes": "ashes_greirat",
        "img": "images/items/ashes_greirat.png"
    },
    {
        "type": "toggle",
        "name": "Irina's Ashes",
        "codes": "ashes_irina",
        "img": "images/items/ashes_irina.png"
    },
    {
        "type": "toggle",
        "name": "Yuria's Ashes",
        "codes": "ashes_yuria",
        "img": "images/items/ashes_yuria.png"
    },
    {
        "type": "toggle",
        "name": "Karla's Ashes",
        "codes": "ashes_karla",
        "img": "images/items/ashes_karla.png"
    },
    {
        "type": "toggle",
        "name": "Cornyx's Ashes",
        "codes": "ashes_cornyx",
        "img": "images/items/ashes_cornyx.png"
    },
    {
        "type": "toggle",
        "name": "Patches' Ashes",
        "codes": "ashes_patches",
        "img": "images/items/ashes_patches.png"
    },
    {
        "type": "toggle",
        "name": "Hollow's Ashes",
        "codes": "ashes_hollow",
        "img": "images/items/ashes_hollow.png"
    },
    {
        "type": "toggle",
        "name": "Orbeck's Ashes",
        "codes": "ashes_orbeck",
        "img": "images/items/ashes_orbeck.png"
    },
    {
        "type": "toggle",
        "name": "Old Woman's Ashes",
        "codes": "ashes_oldwoman",
        "img": "images/items/ashes_oldwoman.png"
    },
    {
        "type": "toggle",
        "name": "Mortician's Ashes",
        "codes": "ashes_mortician",
        "img": "images/items/ashes_mortician.png"
    },
    {
        "type": "toggle",
        "name": "Grave Warden's Ashes",
        "codes": "ashes_gravewarden",
        "img": "images/items/ashes_gravewarden.png"
    },
    {
        "type": "toggle",
        "name": "Paladin's Ashes",
        "codes": "ashes_paladin",
        "img": "images/items/ashes_paladin.png"
    },
    {
        "type": "toggle",
        "name": "Excrement-covered Ashes",
        "codes": "ashes_excrement",
        "img": "images/items/ashes_excrement.png"
    },
    {
        "type": "toggle",
        "name": "Xanthous Ashes",
        "codes": "ashes_xanthous",
        "img": "images/items/ashes_xanthous.png"
    },
    {
        "type": "toggle",
        "name": "Dreamchaser's Ashes",
        "codes": "ashes_dreamchaser",
        "img": "images/items/ashes_dreamchaser.png"
    },
    {
        "type": "toggle",
        "name": "Prisoner Chief's Ashes",
        "codes": "ashes_prisoner",
        "img": "images/items/ashes_prisoner.png"
    },
    {
        "type": "toggle",
        "name": "Dragon Chaser's Ashes",
        "codes": "ashes_dragonchaser",
        "img": "images/items/ashes_dragonchaser.png"
    },
    {
        "type": "toggle",
        "name": "Easterner's Ashes",
        "codes": "ashes_easterner",
        "img": "images/items/ashes_easterner.png"
    },
    {
        "type": "toggle",
        "name": "Captain's Ashes",
        "codes": "ashes_captain",
        "img": "images/items/ashes_captain.png"
    },
    {
        "type": "toggle",
        "name": "Soul of Aldrich",
        "codes": "aldrich_s",
        "img": "images/items/soul_of_aldrich.png"
    },
    {
        "type": "toggle",
        "name": "Soul of Yhorm the Giant",
        "codes": "yhorm_s",
        "img": "images/items/soul_of_yhorm_the_giant.png"
    }
]