{
    "shared_item_grid": {
        "type": "array",
        "orientation": "vertical",
        "margin": "0,0",
        "content": [
            {
                "type": "array",
                "orientation": "vertical",
                "margin": "0,0",
                "content": [
                    {
                        "type": "itemgrid",
                        "item_margin": "-1,2",
                        "h_alignment": "center",
                        "item_size": 40,
                        "rows": [
                            [
                                "coiledsword",
                                "banner",
                                "basin",
                                "doll",
                                "storm",
                                "dragon"
                            ]
                        ]
                    },
                    {
                        "type": "itemgrid",
                        "item_margin": "-1,-5",
                        "h_alignment": "center",
                        "item_size": 40,
                        "rows": [
                            [
                            "towerkey",
                            "cellkey",
                            "jailbreaker",
                            "jailring",
                            "oldcell",
                            "archives"
                        ]
                    ]
                },
                {
                    "type": "itemgrid",
                    "item_margin": "2,0",
                    "h_alignment": "center",
                    "item_size": 55,
                    "rows": [
                        [
                            "abyss",
                            "yhorm",
                            "aldrich",
                            "lothric"
                        ]
                    ]
                }
            ]
        }
    ]
}
}